{"cameraMode":{"drawMode":0,"name":"Shaded","section":"Shading Mode"},"sceneLighting":true,"audioPlay":false,"sceneViewState":{"showFog":true,"showMaterialUpdate":false,"showSkybox":true,"showFlares":true,"showImageEffects":true,"showParticleSystems":true},"in2DMode":false,"pivot":{"x":5.13374137878418,"y":1.2364327907562256,"z":0.8359799385070801},"rotation":{"x":0.2755393981933594,"y":-0.1418229192495346,"z":0.04100501537322998,"w":0.9498884081840515},"size":17.141902923583986,"orthographic":false}